year,TSB_million_t_updated,SSB_million_t_updated,catch_total_thousand_t,ODU_total_thousand_t,ODU_61.05.1_thousand_t,ODU_61.05.2_thousand_t,ODU_61.05.4_thousand_t,Recruitment_billion_individuals_ilyin2016,Fishing_mortality_F_1_per_year_ilyin2016,SST_anom_degC,Ice_max_Okhotsk_1e4km2_JMA,AO_DJFM,PDO_DJFM,OI_june,OI_july,OI_aug,OI_JJA
1963,3.36250319284802,2.209708969465648,1067.183092356688,,,,,8.686131386861314,,0.2114285714285714,,-1.25475,0.0375,1010.77352941176,1008.36470588235,1011.89117647059,1010.3431372549
1964,3.856567442774339,2.47582697201018,975.4481560509556,,,,,9.452554744525548,,-0.0742857142857142,,-0.4815,-0.0915,1010.67352941176,1008.29705882353,1008.75294117647,1009.2411764705867
1965,4.146772767462423,2.658282768969793,978.5059872611464,,,,,10.21897810218978,,-0.1085714285714285,,-1.07025,-0.57125,1006.92352941176,1009.34117647059,1007.49117647059,1007.9186274509799
1966,4.444101332418367,2.896434243557562,926.5228566878982,,,,,9.58029197080292,,-0.5085714285714287,,-1.3545,-0.42225,1012.78529411765,1006.69411764706,1010.17941176471,1009.8862745098068
1967,4.747126436781609,3.139312977099237,984.6216496815288,,,,,12.262773722627738,,-0.5657142857142858,,0.2925,-0.3865,1010.16176470588,1008.16176470588,1007.17058823529,1008.4980392156834
1968,4.82478412535026,3.163318601848135,978.5059872611464,,,,,12.007299270072993,,-0.24,,-0.2922499999999999,-0.37575,1012.25,1006.97647058824,1010.92941176471,1010.0519607843166
1969,5.068965517241379,3.262419260129184,929.5806878980892,,,,,14.562043795620438,,-0.2971428571428571,,-2.1115,-0.6665000000000001,1008.88529411765,1009.92647058824,1011.41764705882,1010.0764705882366
1970,5.270114942528736,3.353053435114504,1009.084299363057,,,,,12.518248175182482,0.7844827586206895,-0.4000000000000001,,-1.91925,1.13775,1010.40588235294,1009.56764705882,1010.03235294118,1010.0019607843133
1971,5.471264367816092,3.462763719420571,990.7373121019108,,,,,13.284671532846716,0.7868965517241379,-0.0285714285714286,116.82,-0.64375,-1.167,1007.63823529412,1009.94411764706,1012.63823529412,1010.0735294117667
1972,5.651079763148728,3.59351145038168,978.5059872611464,,,,,12.007299270072993,0.7868965517241379,-0.1257142857142856,130.63,0.1634999999999999,-1.699,1008.64117647059,1010.28235294118,1006.77647058824,1008.5666666666699
1973,5.626451405340587,3.702162849872772,1030.489117834395,,,,,9.963503649635037,0.7868965517241379,-0.04,131.6,0.94825,-0.4325,1011.63235294118,1011.31176470588,1008.41764705882,1010.4539215686267
1974,5.101348091386406,3.214888165269846,999.910805732484,,,,,9.452554744525548,0.16413793103448274,0.2914285714285713,118.29,-0.296,-0.897,1013.70882352941,1011.49705882353,1007.25,1010.81862745098
1975,5.256704980842912,3.503562340966924,1006.026468152866,,,,,10.72992700729927,0.13999999999999999,0.3314285714285714,120.33,0.624,-0.4889999999999999,1011.34705882353,1008.00882352941,1006.78235294118,1008.71274509804
1976,5.111877394636016,3.232121333869022,1015.199961783439,,,,,13.795620437956204,0.1206896551724138,-0.0628571428571429,120.3,0.89175,-1.0485,1011.35882352941,1007.42647058824,1008.98235294118,1009.2558823529433
1977,5.114599416709555,2.92767295597484,984.6216496815288,,,,,17.88321167883212,0.06275862068965517,-0.1714285714285714,132.77,-1.87675,1.12475,1010.77941176471,1008.89705882353,1008.40588235294,1009.3607843137266
1978,5.86015325670498,3.147113069317076,981.5638184713376,,,,,22.73722627737226,0.07241379310344827,-0.08,152.25,-0.77475,0.8474999999999999,1005.48235294118,1006.62941176471,1006.42941176471,1006.1803921568667
1979,6.855172413793104,3.428145963451305,1030.489117834395,,,,,28.357664233576642,0.07241379310344827,-0.0571428571428571,145.3,-1.181,-0.401,1008.00882352941,1008.78235294118,1004.55588235294,1007.11568627451
1980,7.701069045896633,3.681925472077141,966.2746624203822,,,,,25.291970802919707,0.019310344827586205,-0.0685714285714285,144.69,-0.7845,0.68425,1008.45588235294,1010.4,1016.10882352941,1011.6549019607833
1981,9.024647973253288,4.899514226231784,975.4481560509556,,,,,18.905109489051096,,0.1942857142857141,127.86,-0.5375,1.26075,1014.28823529412,1010.18529411765,1009.29705882353,1011.2568627451001
1982,9.336291413116973,5.011312425273615,1021.315624203822,,,,,19.16058394160584,,0.8742857142857142,127.34,-0.0127499999999999,0.25675,1007.01176470588,1011.50294117647,1011.08823529412,1009.8676470588233
1983,10.35478423069167,6.149037802258079,972.3903248407644,,,,,17.88321167883212,,0.9485714285714284,137.67,-0.01175,0.8702500000000001,1015.75294117647,1009.81176470588,1010.23235294118,1011.9323529411768
1984,10.70093137712986,6.663423943399739,960.159,,,,,19.416058394160583,,0.7028571428571428,85.81,-0.3995,1.319,1008.72647058824,1009.67352941176,1010.27941176471,1009.55980392157
1985,11.67487276262366,8.215648854961833,1006.026468152866,,,,,21.715328467153284,,0.4228571428571428,122.52,-0.81225,0.45725,1012.16764705882,1008.72058823529,1011.33529411765,1010.7411764705867
1986,11.41187739463602,7.975190839694657,975.4481560509556,,,,,24.525547445255476,0.004827586206896551,0.1199999999999998,125.06,-0.87225,1.27275,1011.55882352941,1012.17941176471,1009.65882352941,1011.1323529411766
1987,11.07986834323331,7.53856118436271,993.7951433121018,,,,,19.16058394160584,0.03862068965517241,-0.0685714285714285,124.25,-1.07675,1.62275,1010.08823529412,1009.73823529412,1012.92058823529,1010.91568627451
1988,10.39779983745501,6.663318601848132,1030.489117834395,,,,,23.503649635036496,0.06275862068965517,-0.1942857142857144,144.05,-0.383,0.62575,1010.25588235294,1014.21764705882,1012.17941176471,1012.2176470588233
1989,10.58830708102739,6.732824427480916,963.216831210191,,,,,26.313868613138684,0.05310344827586207,0.0971428571428572,118.85,2.3985,-0.9025,1014.38823529412,1010.74117647059,1008.21470588235,1011.1147058823532
1990,10.58045977011494,6.663358778625954,969.3324936305734,,,,,29.124087591240876,0.02413793103448276,0.2114285714285714,118.59,1.68725,-0.524,1010.35294117647,1009.07058823529,1007.47941176471,1008.9676470588233
1991,10.74386263658294,6.652671755725191,987.6794808917198,,,,,25.036496350364963,0.02896551724137931,0.5714285714285714,94.24,0.1492499999999999,-1.22375,1009.24117647059,1011.02352941176,1010.94705882353,1010.4039215686266
1992,10.84865900383142,6.583165930092407,932.6385191082804,,,,,17.627737226277375,0.03379310344827586,0.2914285714285713,114.67,1.06725,0.16425,1012.05,1009.54411764706,1011.48823529412,1011.0274509803934
1993,10.76819923371648,6.666030534351145,996.852974522293,,,,,17.755474452554743,0.03379310344827586,0.1942857142857141,120.55,1.5175,0.311,1012.41764705882,1013.59411764706,1011.15882352941,1012.39019607843
1994,10.66091954022989,6.951766533810716,996.852974522293,,,,,14.05109489051095,0.04344827586206896,0.2114285714285714,112.21,0.15675,0.67175,1011.42058823529,1007.94705882353,1008.00294117647,1009.1235294117633
1995,10.69480492728546,7.124354512797486,932.6385191082804,,,,,13.02919708029197,0.04344827586206896,0.2628571428571428,103.3,0.6405000000000001,-0.5645,1012.05588235294,1007.19117647059,1010.46176470588,1009.90294117647
1996,10.39272030651341,7.675832755031227,978.5059872611464,,,,,16.094890510948904,0.03862068965517241,0.3771428571428571,104.52,-1.16175,0.731,1010.96176470588,1009.69411764706,1010.87647058824,1010.5107843137266
1997,9.469609639624633,6.668583167209607,999.910805732484,,,,,13.54014598540146,0.03379310344827586,0.4399999999999999,103.91,0.2004999999999999,0.4625000000000001,1011.54117647059,1007.61764705882,1011.86176470588,1010.34019607843
1998,6.295530012771392,3.989180359684306,938.7541815286623,,,,,15.072992700729927,0.09172413793103448,0.2685714285714285,125.65,-0.64725,1.16175,1012.97941176471,1011.55294117647,1012.15588235294,1012.2294117647066
1999,4.63485268859823,2.439273100148113,978.5059872611464,,,,,11.496350364963503,0.23172413793103447,-0.1542857142857143,124.29,0.1132499999999999,-0.85475,1008.03235294118,1010.47941176471,1008.95294117647,1009.1549019607868
2000,4.073334677690395,2.269923664122139,975.4481560509556,,,,,9.452554744525548,0.3886206896551724,-0.28,136.54,0.7344999999999999,-1.34325,1009.36470588235,1008.98235294118,1011.69411764706,1010.0137254901966
2001,4.853529662184158,2.667722886360361,935.6963503184712,,,,,15.456204379562044,0.4682758620689655,-0.4000000000000001,151.67,-1.4055,-0.1139999999999999,1007.88823529412,1009.71470588235,1011.87058823529,1009.82450980392
2002,6.105827260661608,3.392039258451472,975.4481560509556,,,,,18.138686131386862,0.4006896551724138,-0.3714285714285714,128.58,0.56625,-0.7484999999999999,1010.35882352941,1011.03529411765,1014.33823529412,1011.9107843137266
2003,6.383141762452108,3.617557251908399,972.3903248407644,,,,,19.543795620437958,0.19310344827586207,-0.2571428571428571,125.49,-0.25075,1.18025,1006.77352941177,1015.63529411765,1008.76176470588,1010.3901960784333
2004,7.080459770114944,3.940839694656488,938.7541815286623,,,,,17.88321167883212,0.08206896551724137,-0.1028571428571429,112.69,-0.65775,-0.1905,1008.27058823529,1007.22941176471,1007.97647058824,1007.82549019608
2005,6.946360153256705,4.178625954198476,990.7373121019108,,,,,10.21897810218978,0.04344827586206896,0.0571428571428571,93.92,-0.4994999999999999,-0.0547499999999999,1006.92647058824,1010.43529411765,1008.10294117647,1008.48823529412
2006,7.633702457714231,4.477701888308558,990.7373121019108,,,,,17.627737226277375,0.004827586206896551,0.0857142857142856,93.09,-1.0085,0.044,1012.51470588235,1009.59117647059,1010.22941176471,1010.77843137255
2007,8.252530451192316,4.894502718435938,938.7541815286623,,,,,18.649635036496353,0.004827586206896551,0.0857142857142856,109.97,1.04775,-0.569,1009.17352941176,1008.39411764706,1006.24411764706,1007.9372549019599
2008,9.741957637533435,6.07824427480916,993.7951433121018,,,,,22.226277372262775,0.009655172413793102,0.177142857142857,113.48,0.7909999999999999,-1.259,1011.32647058824,1009.90588235294,1010.82352941176,1010.6852941176467
2009,10.39272030651341,6.701268257498348,990.7373121019108,,,,,9.197080291970803,0.004827586206896551,0.0799999999999998,112.12,0.22425,-1.63675,1012.18235294118,1008.42647058824,1010.20588235294,1010.2715686274533
2010,10.31876831192247,7.16030534351145,975.4481560509556,,,,,22.226277372262775,0.004827586206896551,0.1199999999999998,114.2,-2.6745,-0.0594999999999999,1008.49117647059,1011.95294117647,1007.48823529412,1009.3107843137267
2011,8.92360463912188,7.173664122137405,1015.199961783439,,,,,15.328467153284672,0.009655172413793102,0.2799999999999999,97.32,-0.32875,-1.41775,1006.04705882353,1008.82647058824,1008.23823529412,1007.70392156863
2012,8.948770238536644,6.942111959287533,981.5638184713376,,,,,21.715328467153284,0.03379310344827586,0.0914285714285714,115.04,0.7505,-1.7175,1011.08529411765,1010.29705882353,1008.67352941176,1010.01862745098
2013,8.995361968138738,6.269602143471007,966.2746624203822,,,,,16.861313868613138,0.04827586206896552,0.0514285714285713,109.92,-1.63775,-1.12325,1009.92058823529,1010.27352941177,1007.99776470588,1009.3972941176467
2014,9.070578745714862,6.074947952810547,1018.257792993631,,,,,17.37226277372263,0.03862068965517241,0.2799999999999999,103.55,0.439,-0.406,1011.06741176471,1009.63676470588,1009.94708823529,1010.2170882352933
2015,9.652370332246813,6.33206106870229,963.216831210191,,,,,,,0.2342857142857142,70.26,1.09625,1.39925,1010.32874244118,1008.19211005882,1013.08056823529,1010.5338069117633
2016,10.06320376707321,6.564092777451557,959.792,,,,,,,0.0171428571428571,119.27,0.0627499999999999,0.7885000000000001,1012.39089967647,1012.25316655882,1009.45806526471,1011.3673771666666
2017,9.950191570881229,6.599236641221374,959.359,,,,,,,0.1428571428571428,96.04,0.7065,-0.0677499999999999,1009.89147058824,1006.13764705882,1011.49212107938,1009.1737462421466
2018,9.604420866489832,6.692748091603054,960.102,,,,,,,0.2628571428571428,115.19,-0.292,-0.3409999999999999,1010.9309979607,1011.09283447265,1011.16615205652,1011.06332816329
2019,9.27133973996608,6.663712068639204,961.383,,,,,,,0.2571428571428571,122.52,0.6655,-0.38025,1011.4388068704,1010.84697050206,1012.61932911592,1011.6350354961265
2020,8.944444444444443,6.40175904414205,1054.9,,,,,,,0.2571428571428571,108.39,2.22225,-1.0125,1011.44363223805,1010.61790915096,1010.25225650563,1010.7712659648801
2021,8.8,6.2,969.559,,,,,,,,117.63,-0.8254999999999999,-1.1745,1009.37603041705,1010.23162841796,1013.09965604894,1010.90243829465
2022,,,,,,,,,,,80.68,0.72375,-2.032,1011.67712581858,1010.52210549747,1006.42977546243,1009.5430022594933
2023,9.5,6.4,890.3,,,,,,,,107.26,-0.37825,-1.64425,1007.50917561848,1006.69138220584,1011.06328975793,1008.4212825274167
2024,,,,951.5,346.8,334.3,270.4,,,,120.68,-0.1014999999999999,-1.35575,,,,
2025,10.2,6.1,,1153.8,419.8,404.4,329.6,,,,87.75,-0.178,-1.39125,,,,
